<?xml version="1.1" encoding="UTF-8"?>

<project i18n.job.generated.documetation="Generated documentation" i18n.job.project.name="Project Name" i18n.job.generated.date="GENERATION DATE" i18n.job.author="AUTHOR" i18n.job.summary="Summary" i18n.job.project.description="Project Description" i18n.job.job.description="Description" i18n.job.job.preview.picture="Preview Picture" i18n.job.job.setting="Settings" i18n.job.context.list="Context List" i18n.job.component.list="Component List" i18n.job.components.description="Components Description" i18n.job.source.code="Source Code" i18n.job.properties="Properties" i18n.job.values="Values" i18n.job.name="Name" i18n.job.language="Language" i18n.job.description="Description" i18n.job.author.min="Author" i18n.job.version="Version" i18n.job.purpose="Purpose" i18n.job.status="Status" i18n.job.creation="Creation" i18n.job.modification="Modification" i18n.job.extract.settings="Extra settings" i18n.job.value="Value" i18n.job.stats.logs="Status &amp; Logs" i18n.job.context="Context" i18n.job.promt="Prompt" i18n.job.need.promt="Need Prompt?" i18n.job.type="Type" i18n.job.source="Source" i18n.job.component.name="Component Name" i18n.job.component.type="Component Type" i18n.job.component="Component" i18n.job.unique.name="UNIQUE NAME" i18n.job.input="INPUT(S)" i18n.job.label="LABEL" i18n.job.output="OUTPUT(S)" i18n.job.component.parameters="Component Parameters:" i18n.job.schema.for="Schema for " i18n.job.column="Column" i18n.job.key="Key" i18n.job.length="Length" i18n.job.precision="Precision" i18n.job.nullable="Nullable" i18n.job.comment="Comment" i18n.job.original.function.parameters="Original Function Parameters:" i18n.job.ended="ended" i18n.job.content="content" i18n.route.manifest.type="Type" i18n.route.manifest.value="Value" i18n.route.resource.name="Name" i18n.route.resource.version="Version" i18n.route.resource.path="Path" name="Lab1_7005_v1" logo="pictures/logo.jpg" title="Generated by Talend Open Studio for Data Integration" link="http://www.talend.com" language="java" generatedDate="Jan 8, 2024, 6:02:21 PM" versionName="Talend Open Studio VERSION " version="8.0.1.20211109_1610" docType="Jobs" company="">
  <pro-description><![CDATA[]]></pro-description>
  <job name="DataPrep" author="user@talend.com" i18n.job.extract.settings.type="i18n.job.extract.settings" i18n.job.stats.logs.type="i18n.job.stats.logs" version="0.1" purpose="Merge CSV" status="" creation="Jan 7, 2024, 2:14:31 PM" modification="Jan 8, 2024, 5:48:18 PM">
    <description><![CDATA[Merge CSV<br/>]]></description>
    <preview picture="pictures/DataPrep_0.1.png"/>
    <contextList>
      <context name="Default"/>
    </contextList>
    <jobSetting>
      <extra>
        <jobParameter name="COMP_DEFAULT_FILE_DIR" value=""/>
        <jobParameter name="Multi thread execution" value="false"/>
        <jobParameter name="Implicit tContextLoad" value="false"/>
      </extra>
      <Statslogs>
        <jobParameter name="Use statistics (tStatCatcher)" value="false"/>
        <jobParameter name="Use logs (tLogCatcher)" value="false"/>
        <jobParameter name="Use volumetrics (tFlowMeterCatcher)" value="false"/>
        <jobParameter name="On Console" value="false"/>
        <jobParameter name="On Files" value="false"/>
        <jobParameter name="On Databases" value="false"/>
        <jobParameter name="Catch components statistics" value="false"/>
        <jobParameter name="Catch runtime errors" value="true"/>
        <jobParameter name="Catch user errors" value="true"/>
        <jobParameter name="Catch user warnings" value="true"/>
      </Statslogs>
    </jobSetting>
    <componentList>
      <componentItem name="tFileInputDelimited_1" link="tFileInputDelimited_1" type="tFileInputDelimited" leftTopX="192" leftTopY="160" rightBottomX="224" rightBottomY="192"/>
      <componentItem name="tFileInputDelimited_2" link="tFileInputDelimited_2" type="tFileInputDelimited" leftTopX="192" leftTopY="352" rightBottomX="224" rightBottomY="384"/>
      <componentItem name="tFileOutputDelimited_1" link="tFileOutputDelimited_1" type="tFileOutputDelimited" leftTopX="832" leftTopY="256" rightBottomX="864" rightBottomY="288"/>
      <componentItem name="tMap_2" link="tMap_2" type="tMap" leftTopX="512" leftTopY="256" rightBottomX="544" rightBottomY="288"/>
    </componentList>
    <internalNodeComponents>
      <component icon="pictures/tFileInputDelimited_1.png" uniqueName="tFileInputDelimited_1" label="__UNIQUE_NAME__">
        <input>none</input>
        <output link="tMap_2">tMap_2</output>
        <componentType>tFileInputDelimited</componentType>
        <parameters>
          <column name="Unique Name" value="tFileInputDelimited_1"/>
          <column name="Component Name" value="tFileInputDelimited"/>
          <column name="Version" value="0.102 (ALPHA)"/>
          <column name="Family" value="File/Input"/>
          <column name="Start" value="true"/>
          <column name="Startable" value="true"/>
          <column name="SUBTREE_START" value="true"/>
          <column name="END_OF_FLOW" value="false"/>
          <column name="Activate" value="true"/>
          <column name="DUMMY" value="false"/>
          <column name="tStatCatcher Statistics" value="false"/>
          <column name="Help" value="org.talend.help.tFileInputDelimited"/>
          <column name="Update components" value="true"/>
          <column name="IREPORT_PATH" value=""/>
          <column name="JAVA_LIBRARY_PATH" value="C:\Program Files (x86)\TOS_DI-8.0.1\studio\configuration\lib\java"/>
          <column name="Subjob color" value=""/>
          <column name="Title color" value=""/>
          <column name="Property Type" value="Built-In"/>
          <column name="REPOSITORY_ALLOW_AUTO_SWITCH" value="true"/>
          <column name="Schema" value="Built-In"/>
          <column name="File name/Stream" value="&quot;D:\\Master Data Science\\Data Mining\\Customer Dataset\\Customer Dataset\\Customer DataSet part1.csv&quot;"/>
          <column name="CSV options" value="false"/>
          <column name="Row Separator" value="&quot;\n&quot;"/>
          <column name="CSV Row Separator" value="&quot;\n&quot;"/>
          <column name="Field Separator" value="&quot;,&quot;"/>
          <column name="Escape char" value="&quot;&quot;&quot;"/>
          <column name="Text enclosure" value="&quot;&quot;&quot;"/>
          <column name="Header" value="1"/>
          <column name="Footer" value="0"/>
          <column name="Limit" value=""/>
          <column name="Skip empty rows" value="true"/>
          <column name="Uncompress as zip file" value="false"/>
          <column name="Die on error" value="false"/>
          <column name="Schema" value="Built-In"/>
          <column name="Temporary directory" value="&quot;C:/Program Files (x86)/TOS_DI-8.0.1/studio/workspace&quot;"/>
          <column name="Advanced separator (for numbers)" value="false"/>
          <column name="Thousands separator" value="&quot;,&quot;"/>
          <column name="Decimal separator" value="&quot;.&quot;"/>
          <column name="Extract lines at random" value="false"/>
          <column name="Number of lines" value="10"/>
          <column name="Trim all columns" value="false"/>
          <column name="Check column to trim" value="[{SCHEMA_COLUMN=CUST_ID, TRIM=false}, {SCHEMA_COLUMN=BALANCE, TRIM=false}, {SCHEMA_COLUMN=BALANCE_FREQUENCY, TRIM=false}, {SCHEMA_COLUMN=PURCHASES, TRIM=false}, {SCHEMA_COLUMN=ONEOFF_PURCHASES, TRIM=false}, {SCHEMA_COLUMN=INSTALLMENTS_PURCHASES, TRIM=false}, {SCHEMA_COLUMN=CASH_ADVANCE, TRIM=false}, {SCHEMA_COLUMN=PURCHASES_FREQUENCY, TRIM=false}, {SCHEMA_COLUMN=ONEOFF_PURCHASES_FREQUENCY, TRIM=false}]"/>
          <column name="Check each row structure against schema" value="false"/>
          <column name="Check date" value="false"/>
          <column name="Encoding" value="&quot;ISO-8859-15&quot;"/>
          <column name="Split row before field" value="false"/>
          <column name="Permit hexadecimal (0xNNN) or octal (0NNNN) for numeric types (clear the check box to read Byte type as octal and hexadecimal numbers by default)" value="false"/>
          <column name="Decode table" value="[{SCHEMA_COLUMN=CUST_ID, DECODE=false}, {SCHEMA_COLUMN=BALANCE, DECODE=false}, {SCHEMA_COLUMN=BALANCE_FREQUENCY, DECODE=false}, {SCHEMA_COLUMN=PURCHASES, DECODE=false}, {SCHEMA_COLUMN=ONEOFF_PURCHASES, DECODE=false}, {SCHEMA_COLUMN=INSTALLMENTS_PURCHASES, DECODE=false}, {SCHEMA_COLUMN=CASH_ADVANCE, DECODE=false}, {SCHEMA_COLUMN=PURCHASES_FREQUENCY, DECODE=false}, {SCHEMA_COLUMN=ONEOFF_PURCHASES_FREQUENCY, DECODE=false}]"/>
          <column name="Destination" value=""/>
          <column name="Min column number of optimize code" value="100"/>
          <column name="Label format" value="__UNIQUE_NAME__"/>
          <column name="Hint format" value="&lt;b&gt;__UNIQUE_NAME__&lt;/b&gt;&lt;br&gt;__COMMENT__"/>
          <column name="Connection format" value="row"/>
          <column name="Show Information" value="false"/>
          <column name="Comment" value=""/>
          <column name="Use an existing validation rule" value="false"/>
          <column name="Validation Rule Type" value=""/>
        </parameters>
        <schemas>
          <schema name="tFileInputDelimited_1">
            <column name="CUST_ID" key="false" type="String" length="" precision="" nullable="true" comment=""/>
            <column name="BALANCE" key="false" type="Float" length="" precision="" nullable="true" comment=""/>
            <column name="BALANCE_FREQUENCY" key="false" type="Float" length="" precision="" nullable="true" comment=""/>
            <column name="PURCHASES" key="false" type="Float" length="" precision="" nullable="true" comment=""/>
            <column name="ONEOFF_PURCHASES" key="false" type="Float" length="" precision="" nullable="true" comment=""/>
            <column name="INSTALLMENTS_PURCHASES" key="false" type="Float" length="" precision="" nullable="true" comment=""/>
            <column name="CASH_ADVANCE" key="false" type="Float" length="" precision="" nullable="true" comment=""/>
            <column name="PURCHASES_FREQUENCY" key="false" type="Float" length="" precision="" nullable="true" comment=""/>
            <column name="ONEOFF_PURCHASES_FREQUENCY" key="false" type="Float" length="" precision="" nullable="true" comment=""/>
          </schema>
        </schemas>
      </component>
      <component icon="pictures/tFileInputDelimited_2.png" uniqueName="tFileInputDelimited_2" label="__UNIQUE_NAME__">
        <input>none</input>
        <output link="tMap_2">tMap_2</output>
        <componentType>tFileInputDelimited</componentType>
        <parameters>
          <column name="Unique Name" value="tFileInputDelimited_2"/>
          <column name="Component Name" value="tFileInputDelimited"/>
          <column name="Version" value="0.102 (ALPHA)"/>
          <column name="Family" value="File/Input"/>
          <column name="Start" value="false"/>
          <column name="Startable" value="true"/>
          <column name="SUBTREE_START" value="false"/>
          <column name="END_OF_FLOW" value="false"/>
          <column name="Activate" value="true"/>
          <column name="DUMMY" value="false"/>
          <column name="tStatCatcher Statistics" value="false"/>
          <column name="Help" value="org.talend.help.tFileInputDelimited"/>
          <column name="Update components" value="true"/>
          <column name="IREPORT_PATH" value=""/>
          <column name="JAVA_LIBRARY_PATH" value="C:\Program Files (x86)\TOS_DI-8.0.1\studio\configuration\lib\java"/>
          <column name="Subjob color" value=""/>
          <column name="Title color" value=""/>
          <column name="Property Type" value="Built-In"/>
          <column name="REPOSITORY_ALLOW_AUTO_SWITCH" value="true"/>
          <column name="Schema" value="Built-In"/>
          <column name="File name/Stream" value="&quot;D:\\Master Data Science\\Data Mining\\Customer Dataset\\Customer Dataset\\Customer DataSet part2.csv&quot;"/>
          <column name="CSV options" value="false"/>
          <column name="Row Separator" value="&quot;\n&quot;"/>
          <column name="CSV Row Separator" value="&quot;\n&quot;"/>
          <column name="Field Separator" value="&quot;,&quot;"/>
          <column name="Escape char" value="&quot;&quot;&quot;"/>
          <column name="Text enclosure" value="&quot;&quot;&quot;"/>
          <column name="Header" value="1"/>
          <column name="Footer" value="0"/>
          <column name="Limit" value=""/>
          <column name="Skip empty rows" value="true"/>
          <column name="Uncompress as zip file" value="false"/>
          <column name="Die on error" value="false"/>
          <column name="Schema" value="Built-In"/>
          <column name="Temporary directory" value="&quot;C:/Program Files (x86)/TOS_DI-8.0.1/studio/workspace&quot;"/>
          <column name="Advanced separator (for numbers)" value="false"/>
          <column name="Thousands separator" value="&quot;,&quot;"/>
          <column name="Decimal separator" value="&quot;.&quot;"/>
          <column name="Extract lines at random" value="false"/>
          <column name="Number of lines" value="10"/>
          <column name="Trim all columns" value="false"/>
          <column name="Check column to trim" value="[{SCHEMA_COLUMN=CUST_ID, TRIM=false}, {SCHEMA_COLUMN=PURCHASES_INSTALLMENTS_FREQUENCY, TRIM=false}, {SCHEMA_COLUMN=CASH_ADVANCE_FREQUENCY, TRIM=false}, {SCHEMA_COLUMN=CASH_ADVANCE_TRX, TRIM=false}, {SCHEMA_COLUMN=PURCHASES_TRX, TRIM=false}, {SCHEMA_COLUMN=CREDIT_LIMIT, TRIM=false}, {SCHEMA_COLUMN=PAYMENTS, TRIM=false}, {SCHEMA_COLUMN=MINIMUM_PAYMENTS, TRIM=false}, {SCHEMA_COLUMN=PRC_FULL_PAYMENT, TRIM=false}, {SCHEMA_COLUMN=TENURE, TRIM=false}]"/>
          <column name="Check each row structure against schema" value="false"/>
          <column name="Check date" value="false"/>
          <column name="Encoding" value="&quot;ISO-8859-15&quot;"/>
          <column name="Split row before field" value="false"/>
          <column name="Permit hexadecimal (0xNNN) or octal (0NNNN) for numeric types (clear the check box to read Byte type as octal and hexadecimal numbers by default)" value="false"/>
          <column name="Decode table" value="[{SCHEMA_COLUMN=CUST_ID, DECODE=false}, {SCHEMA_COLUMN=PURCHASES_INSTALLMENTS_FREQUENCY, DECODE=false}, {SCHEMA_COLUMN=CASH_ADVANCE_FREQUENCY, DECODE=false}, {SCHEMA_COLUMN=CASH_ADVANCE_TRX, DECODE=false}, {SCHEMA_COLUMN=PURCHASES_TRX, DECODE=false}, {SCHEMA_COLUMN=CREDIT_LIMIT, DECODE=false}, {SCHEMA_COLUMN=PAYMENTS, DECODE=false}, {SCHEMA_COLUMN=MINIMUM_PAYMENTS, DECODE=false}, {SCHEMA_COLUMN=PRC_FULL_PAYMENT, DECODE=false}, {SCHEMA_COLUMN=TENURE, DECODE=false}]"/>
          <column name="Destination" value=""/>
          <column name="Min column number of optimize code" value="100"/>
          <column name="Label format" value="__UNIQUE_NAME__"/>
          <column name="Hint format" value="&lt;b&gt;__UNIQUE_NAME__&lt;/b&gt;&lt;br&gt;__COMMENT__"/>
          <column name="Connection format" value="row"/>
          <column name="Show Information" value="false"/>
          <column name="Comment" value=""/>
          <column name="Use an existing validation rule" value="false"/>
          <column name="Validation Rule Type" value=""/>
        </parameters>
        <schemas>
          <schema name="tFileInputDelimited_2">
            <column name="CUST_ID" key="false" type="String" length="" precision="" nullable="true" comment=""/>
            <column name="PURCHASES_INSTALLMENTS_FREQUENCY" key="false" type="Float" length="" precision="" nullable="true" comment=""/>
            <column name="CASH_ADVANCE_FREQUENCY" key="false" type="Float" length="" precision="" nullable="true" comment=""/>
            <column name="CASH_ADVANCE_TRX" key="false" type="Float" length="" precision="" nullable="true" comment=""/>
            <column name="PURCHASES_TRX" key="false" type="Float" length="" precision="" nullable="true" comment=""/>
            <column name="CREDIT_LIMIT" key="false" type="Float" length="" precision="" nullable="true" comment=""/>
            <column name="PAYMENTS" key="false" type="Float" length="" precision="" nullable="true" comment=""/>
            <column name="MINIMUM_PAYMENTS" key="false" type="Float" length="" precision="" nullable="true" comment=""/>
            <column name="PRC_FULL_PAYMENT" key="false" type="Float" length="" precision="" nullable="true" comment=""/>
            <column name="TENURE" key="false" type="Float" length="" precision="" nullable="true" comment=""/>
          </schema>
        </schemas>
      </component>
      <component icon="pictures/tFileOutputDelimited_1.png" uniqueName="tFileOutputDelimited_1" label="__UNIQUE_NAME__">
        <input link="tMap_2">tMap_2</input>
        <output>none</output>
        <componentType>tFileOutputDelimited</componentType>
        <parameters>
          <column name="Unique Name" value="tFileOutputDelimited_1"/>
          <column name="Component Name" value="tFileOutputDelimited"/>
          <column name="Version" value="0.101 (ALPHA)"/>
          <column name="Family" value="File/Output"/>
          <column name="Startable" value="false"/>
          <column name="SUBTREE_START" value="false"/>
          <column name="END_OF_FLOW" value="true"/>
          <column name="Activate" value="true"/>
          <column name="DUMMY" value="false"/>
          <column name="tStatCatcher Statistics" value="false"/>
          <column name="Help" value="org.talend.help.tFileOutputDelimited"/>
          <column name="Update components" value="true"/>
          <column name="IREPORT_PATH" value=""/>
          <column name="JAVA_LIBRARY_PATH" value="C:\Program Files (x86)\TOS_DI-8.0.1\studio\configuration\lib\java"/>
          <column name="Subjob color" value=""/>
          <column name="Title color" value=""/>
          <column name="Property Type" value="Built-In"/>
          <column name="Use Output Stream" value="false"/>
          <column name="Output Stream" value="outputStream"/>
          <column name="File Name" value="&quot;D:\\out.csv&quot;"/>
          <column name="Row Separator" value="&quot;\n&quot;"/>
          <column name="Use OS line separator as row separator when CSV Row Separator is set to CR,LF or CRLF." value="true"/>
          <column name="CSV Row Separator" value="&quot;\n&quot;"/>
          <column name="Field Separator" value="&quot;,&quot;"/>
          <column name="Append" value="false"/>
          <column name="Include Header" value="true"/>
          <column name="Compress as zip file" value="false"/>
          <column name="REPOSITORY_ALLOW_AUTO_SWITCH" value="true"/>
          <column name="Schema" value="Built-In"/>
          <column name="Advanced separator (for numbers)" value="false"/>
          <column name="Thousands separator" value="&quot;,&quot;"/>
          <column name="Decimal separator" value="&quot;.&quot;"/>
          <column name="CSV options" value="false"/>
          <column name="Escape char" value="&quot;&quot;&quot;"/>
          <column name="Text enclosure" value="&quot;&quot;&quot;"/>
          <column name="Create directory if does not exist" value="true"/>
          <column name="Split output in several files" value="false"/>
          <column name="Rows in each output file" value="1000"/>
          <column name="Custom the flush buffer size" value="false"/>
          <column name="Row number" value="1"/>
          <column name="Output in row mode" value="false"/>
          <column name="Encoding" value="&quot;ISO-8859-15&quot;"/>
          <column name="Don't generate empty file" value="false"/>
          <column name="Throw an error if the file already exist" value="true"/>
          <column name="Min column number of optimize code" value="90"/>
          <column name="Label format" value="__UNIQUE_NAME__"/>
          <column name="Hint format" value="&lt;b&gt;__UNIQUE_NAME__&lt;/b&gt;&lt;br&gt;__COMMENT__"/>
          <column name="Connection format" value="row"/>
          <column name="Show Information" value="false"/>
          <column name="Comment" value=""/>
          <column name="Use an existing validation rule" value="false"/>
          <column name="Validation Rule Type" value=""/>
        </parameters>
        <schemas>
          <schema name="Whatevs">
            <column name="CUST_ID" key="false" type="String" length="" precision="" nullable="true" comment=""/>
            <column name="BALANCE" key="false" type="Float" length="" precision="" nullable="true" comment=""/>
            <column name="BALANCE_FREQUENCY" key="false" type="Float" length="" precision="" nullable="true" comment=""/>
            <column name="PURCHASES" key="false" type="Float" length="" precision="" nullable="true" comment=""/>
            <column name="ONEOFF_PURCHASES" key="false" type="Float" length="" precision="" nullable="true" comment=""/>
            <column name="INSTALLMENTS_PURCHASES" key="false" type="Float" length="" precision="" nullable="true" comment=""/>
            <column name="CASH_ADVANCE" key="false" type="Float" length="" precision="" nullable="true" comment=""/>
            <column name="PURCHASES_FREQUENCY" key="false" type="Float" length="" precision="" nullable="true" comment=""/>
            <column name="ONEOFF_PURCHASES_FREQUENCY" key="false" type="Float" length="" precision="" nullable="true" comment=""/>
            <column name="PURCHASES_INSTALLMENTS_FREQUENCY" key="false" type="Float" length="" precision="" nullable="true" comment=""/>
            <column name="CASH_ADVANCE_FREQUENCY" key="false" type="Float" length="" precision="" nullable="true" comment=""/>
            <column name="CASH_ADVANCE_TRX" key="false" type="Float" length="" precision="" nullable="true" comment=""/>
            <column name="PURCHASES_TRX" key="false" type="Float" length="" precision="" nullable="true" comment=""/>
            <column name="CREDIT_LIMIT" key="false" type="Float" length="" precision="" nullable="true" comment=""/>
            <column name="PAYMENTS" key="false" type="Float" length="" precision="" nullable="true" comment=""/>
            <column name="MINIMUM_PAYMENTS" key="false" type="Float" length="" precision="" nullable="true" comment=""/>
            <column name="PRC_FULL_PAYMENT" key="false" type="Float" length="" precision="" nullable="true" comment=""/>
            <column name="TENURE" key="false" type="Float" length="" precision="" nullable="true" comment=""/>
          </schema>
        </schemas>
      </component>
    </internalNodeComponents>
    <externalNodeComponents>
      <component icon="pictures/tMap_2.png" uniqueName="tMap_2" label="__UNIQUE_NAME__" preview="pictures/external_preview_tMap_2.png">
        <input link="tFileInputDelimited_1">tFileInputDelimited_1</input>
        <input link="tFileInputDelimited_2">tFileInputDelimited_2</input>
        <output link="tFileOutputDelimited_1">tFileOutputDelimited_1</output>
        <componentType>tMap</componentType>
        <!--tMap_2-->
      </component>
    </externalNodeComponents>
    <connections>
      <connection label="row1" lineStyle="0" metaname="tFileInputDelimited_1" offsetLabelX="0" offsetLabelY="0" source="tFileInputDelimited_1" target="tMap_2"/>
      <connection label="Whatevs" lineStyle="0" metaname="Whatevs" offsetLabelX="0" offsetLabelY="0" source="tMap_2" target="tFileOutputDelimited_1"/>
      <connection label="row2" lineStyle="8" metaname="tFileInputDelimited_2" offsetLabelX="0" offsetLabelY="0" source="tFileInputDelimited_2" target="tMap_2"/>
    </connections>
  </job>
</project>
