<?xml version="1.1" encoding="UTF-8"?>

<externalNode i18n.job.component.parameters="Component Parameters:" i18n.job.properties="Properties" i18n.job.values="Values" i18n.mapper.table.for="Mapper table for " i18n.mapper.table.properties="Mapper table Properties" i18n.job.name="Name" i18n.tmap.matching.mode="Matching-mode" i18n.mapper.table.isminimized="isMinimized" i18n.tmap.isreject="isReject" i18n.tmap.isrejectinnnerjoin="isRejectInnerJoin" i18n.tmap.isinnerjoin="isInnerJoin" i18n.tmap.expressionfilter="expressionFilter" i18n.mapper.table.metadata.entries="Metadata Table Entries" i18n.job.type="Type" i18n.mapper.table.expression="Expression" i18n.tmap.isnullable="isNullable" i18n.tmap.constraint.entries="Constraint Table Entries" name="tMap_2" preview="pictures/_NkjssK0oEe6fwI4mkUJ_zA-tMap_2-PREVIEW.bmp">
  <parameters>
    <column name="tStatCatcher Statistics">false</column>
    <column name="Mapping links display as:">AUTO</column>
    <column name="Temp data directory path:"></column>
    <column name="Max buffer size (nb of rows):">2000000</column>
    <column name="Ignore trailing zeros for BigDecimal">true</column>
    <column name="Show Information">false</column>
    <column name="Comment"><![CDATA[]]></column>
    <column name="Use an existing validation rule">false</column>
  </parameters>
  <mapperTable type="input">
    <table name="row1" matching-mode="UNIQUE_MATCH" lookup-mode="LOAD_ONCE" isMinimized="false" isReject="false" isRejectInnerJoin="false" isInnerJoin="false" isPersistent="false" expressionFilter="null" activateExpressionFilter="false" activateCondensedTool="false" activateColumnNameFilter="false" columnNameFilter="null">
      <metadataTableEntries>
        <entry name="CUST_ID" type="String" expression="" isNullable="true"/>
        <entry name="BALANCE" type="Float" expression="" isNullable="true"/>
        <entry name="BALANCE_FREQUENCY" type="Float" expression="" isNullable="true"/>
        <entry name="PURCHASES" type="Float" expression="" isNullable="true"/>
        <entry name="ONEOFF_PURCHASES" type="Float" expression="" isNullable="true"/>
        <entry name="INSTALLMENTS_PURCHASES" type="Float" expression="" isNullable="true"/>
        <entry name="CASH_ADVANCE" type="Float" expression="" isNullable="true"/>
        <entry name="PURCHASES_FREQUENCY" type="Float" expression="" isNullable="true"/>
        <entry name="ONEOFF_PURCHASES_FREQUENCY" type="Float" expression="" isNullable="true"/>
      </metadataTableEntries>
    </table>
    <table name="row2" matching-mode="UNIQUE_MATCH" lookup-mode="LOAD_ONCE" isMinimized="false" isReject="false" isRejectInnerJoin="false" isInnerJoin="false" isPersistent="false" expressionFilter="null" activateExpressionFilter="false" activateCondensedTool="false" activateColumnNameFilter="false" columnNameFilter="null">
      <metadataTableEntries>
        <entry name="CUST_ID" type="String" expression="row1.CUST_ID " isNullable="true"/>
        <entry name="PURCHASES_INSTALLMENTS_FREQUENCY" type="Float" expression="" isNullable="true"/>
        <entry name="CASH_ADVANCE_FREQUENCY" type="Float" expression="" isNullable="true"/>
        <entry name="CASH_ADVANCE_TRX" type="Float" expression="" isNullable="true"/>
        <entry name="PURCHASES_TRX" type="Float" expression="" isNullable="true"/>
        <entry name="CREDIT_LIMIT" type="Float" expression="" isNullable="true"/>
        <entry name="PAYMENTS" type="Float" expression="" isNullable="true"/>
        <entry name="MINIMUM_PAYMENTS" type="Float" expression="" isNullable="true"/>
        <entry name="PRC_FULL_PAYMENT" type="Float" expression="" isNullable="true"/>
        <entry name="TENURE" type="Float" expression="" isNullable="true"/>
      </metadataTableEntries>
    </table>
  </mapperTable>
  <mapperTable type="output">
    <table name="joinedtable" isMinimized="false" isReject="false" isRejectInnerJoin="false" isInnerJoin="false" isPersistent="false" expressionFilter="null" activateExpressionFilter="false" activateCondensedTool="false" activateColumnNameFilter="false" columnNameFilter="null">
      <metadataTableEntries>
        <entry name="CUST_ID" type="String" expression="row1.CUST_ID " isNullable="true"/>
        <entry name="BALANCE" type="Float" expression="row1.BALANCE " isNullable="true"/>
        <entry name="BALANCE_FREQUENCY" type="Float" expression="row1.BALANCE_FREQUENCY " isNullable="true"/>
        <entry name="PURCHASES" type="Float" expression="row1.PURCHASES " isNullable="true"/>
        <entry name="ONEOFF_PURCHASES" type="Float" expression="row1.ONEOFF_PURCHASES " isNullable="true"/>
        <entry name="INSTALLMENTS_PURCHASES" type="Float" expression="row1.INSTALLMENTS_PURCHASES " isNullable="true"/>
        <entry name="CASH_ADVANCE" type="Float" expression="row1.CASH_ADVANCE " isNullable="true"/>
        <entry name="PURCHASES_FREQUENCY" type="Float" expression="row1.PURCHASES_FREQUENCY " isNullable="true"/>
        <entry name="ONEOFF_PURCHASES_FREQUENCY" type="Float" expression="row1.ONEOFF_PURCHASES_FREQUENCY " isNullable="true"/>
        <entry name="PURCHASES_INSTALLMENTS_FREQUENCY" type="Float" expression="row2.PURCHASES_INSTALLMENTS_FREQUENCY " isNullable="true"/>
        <entry name="CASH_ADVANCE_FREQUENCY" type="Float" expression="row2.CASH_ADVANCE_FREQUENCY " isNullable="true"/>
        <entry name="CASH_ADVANCE_TRX" type="Float" expression="row2.CASH_ADVANCE_TRX " isNullable="true"/>
        <entry name="PURCHASES_TRX" type="Float" expression="row2.PURCHASES_TRX " isNullable="true"/>
        <entry name="CREDIT_LIMIT" type="Float" expression="row2.CREDIT_LIMIT " isNullable="true"/>
        <entry name="PAYMENTS" type="Float" expression="row2.PAYMENTS " isNullable="true"/>
        <entry name="MINIMUM_PAYMENTS" type="Float" expression="row2.MINIMUM_PAYMENTS " isNullable="true"/>
        <entry name="PRC_FULL_PAYMENT" type="Float" expression="row2.PRC_FULL_PAYMENT " isNullable="true"/>
        <entry name="TENURE" type="Float" expression="row2.TENURE " isNullable="true"/>
      </metadataTableEntries>
    </table>
    <table name="Whatevs" isMinimized="false" isReject="false" isRejectInnerJoin="false" isInnerJoin="false" isPersistent="false" expressionFilter="null" activateExpressionFilter="false" activateCondensedTool="false" activateColumnNameFilter="false" columnNameFilter="null">
      <metadataTableEntries>
        <entry name="CUST_ID" type="String" expression="row1.CUST_ID " isNullable="true"/>
        <entry name="BALANCE" type="Float" expression="row1.BALANCE " isNullable="true"/>
        <entry name="BALANCE_FREQUENCY" type="Float" expression="row1.BALANCE_FREQUENCY " isNullable="true"/>
        <entry name="PURCHASES" type="Float" expression="row1.PURCHASES " isNullable="true"/>
        <entry name="ONEOFF_PURCHASES" type="Float" expression="row1.ONEOFF_PURCHASES " isNullable="true"/>
        <entry name="INSTALLMENTS_PURCHASES" type="Float" expression="row1.INSTALLMENTS_PURCHASES " isNullable="true"/>
        <entry name="CASH_ADVANCE" type="Float" expression="row1.CASH_ADVANCE " isNullable="true"/>
        <entry name="PURCHASES_FREQUENCY" type="Float" expression="row1.PURCHASES_FREQUENCY " isNullable="true"/>
        <entry name="ONEOFF_PURCHASES_FREQUENCY" type="Float" expression="row1.ONEOFF_PURCHASES_FREQUENCY " isNullable="true"/>
        <entry name="PURCHASES_INSTALLMENTS_FREQUENCY" type="Float" expression="row2.PURCHASES_INSTALLMENTS_FREQUENCY " isNullable="true"/>
        <entry name="CASH_ADVANCE_FREQUENCY" type="Float" expression="row2.CASH_ADVANCE_FREQUENCY " isNullable="true"/>
        <entry name="CASH_ADVANCE_TRX" type="Float" expression="row2.CASH_ADVANCE_TRX " isNullable="true"/>
        <entry name="PURCHASES_TRX" type="Float" expression="row2.PURCHASES_TRX " isNullable="true"/>
        <entry name="CREDIT_LIMIT" type="Float" expression="row2.CREDIT_LIMIT " isNullable="true"/>
        <entry name="PAYMENTS" type="Float" expression="row2.PAYMENTS " isNullable="true"/>
        <entry name="MINIMUM_PAYMENTS" type="Float" expression="row2.MINIMUM_PAYMENTS " isNullable="true"/>
        <entry name="PRC_FULL_PAYMENT" type="Float" expression="row2.PRC_FULL_PAYMENT " isNullable="true"/>
        <entry name="TENURE" type="Float" expression="row2.TENURE " isNullable="true"/>
      </metadataTableEntries>
    </table>
  </mapperTable>
  <mapperTable type="var">
    <table name="Var" isMinimized="true" isReject="false" isRejectInnerJoin="false" isInnerJoin="false" isPersistent="false" expressionFilter="null" activateExpressionFilter="false" activateCondensedTool="false" activateColumnNameFilter="false" columnNameFilter="null"/>
  </mapperTable>
</externalNode>
